{
  "PLTR": {
    "entry": 135.501009,
    "original_stop": 126.43,
    "first_seen": "2026-05-19T13:33:35.236411"
  }
}